Task,Prompt,Expected Output,Model Output,Correct
cpst,Calculate the CVSS v3 score for the following CVSS v3 Vector String: AV:L/AC:L/PR:N/UI:R/S:U/C:H/I:H/A:H. Return your answer as a single number between 0.0 and 10.0. Provide only the number corresponding to your answer without any additional text or explanations.,7.8,H/I:H/A:H. Return your,False
cpst,Calculate the CVSS v3 score for the following CVSS v3 Vector String: AV:N/AC:L/PR:L/UI:N/S:U/C:H/I:L/A:L. Return your answer as a single number between 0.0 and 10.0. Provide only the number corresponding to your answer without any additional text or explanations.,7.6,:L/PR:L/UI:N/S,False
cpst,Calculate the CVSS v3 score for the following CVSS v3 Vector String: AV:N/AC:L/PR:N/UI:N/S:U/C:H/I:H/A:H. Return your answer as a single number between 0.0 and 10.0. Provide only the number corresponding to your answer without any additional text or explanations.,9.8,H/I:H/A:H. Return your,False
cpst,Calculate the CVSS v3 score for the following CVSS v3 Vector String: AV:N/AC:L/PR:N/UI:N/S:C/C:H/I:H/A:H. Return your answer as a single number between 0.0 and 10.0. Provide only the number corresponding to your answer without any additional text or explanations.,10.0,H/I:H/A:H. Return your,False
cpst,Calculate the CVSS v3 score for the following CVSS v3 Vector String: AV:P/AC:L/PR:N/UI:N/S:C/C:H/I:H/A:H. Return your answer as a single number between 0.0 and 10.0. Provide only the number corresponding to your answer without any additional text or explanations.,7.6,H/I:H/A:H. Return your,False
cpst,Calculate the CVSS v3 score for the following CVSS v3 Vector String: AV:L/AC:L/PR:L/UI:N/S:C/C:N/I:N/A:H. Return your answer as a single number between 0.0 and 10.0. Provide only the number corresponding to your answer without any additional text or explanations.,6.5,H. Return your answer as single number between 0.0 and,False
cpst,Calculate the CVSS v3 score for the following CVSS v3 Vector String: AV:N/AC:L/PR:N/UI:N/S:U/C:N/I:N/A:H. Return your answer as a single number between 0.0 and 10.0. Provide only the number corresponding to your answer without any additional text or explanations.,7.5,H. Return your answer as single number between 0.0 and,False
cpst,Calculate the CVSS v3 score for the following CVSS v3 Vector String: AV:N/AC:L/PR:H/UI:N/S:U/C:H/I:H/A:H. Return your answer as a single number between 0.0 and 10.0. Provide only the number corresponding to your answer without any additional text or explanations.,7.2,:H/I:H/A:H. Return,False
cpst,Calculate the CVSS v3 score for the following CVSS v3 Vector String: AV:N/AC:L/PR:L/UI:N/S:U/C:H/I:H/A:H. Return your answer as a single number between 0.0 and 10.0. Provide only the number corresponding to your answer without any additional text or explanations.,8.8,:H/I:H/A:H. Return,False
cpst,Calculate the CVSS v3 score for the following CVSS v3 Vector String: AV:N/AC:L/PR:H/UI:N/S:U/C:N/I:H/A:H. Return your answer as a single number between 0.0 and 10.0. Provide only the number corresponding to your answer without any additional text or explanations.,6.5,/I:H/A:H. Return your answer,False
cpst,Calculate the CVSS v3 score for the following CVSS v3 Vector String: AV:N/AC:L/PR:N/UI:N/S:U/C:L/I:N/A:N. Return your answer as a single number between 0.0 and 10.0. Provide only the number corresponding to your answer without any additional text or explanations.,5.3,N/A:N. Return your answer as single number,False
cpst,Calculate the CVSS v3 score for the following CVSS v3 Vector String: AV:N/AC:L/PR:L/UI:N/S:U/C:H/I:N/A:N. Return your answer as a single number between 0.0 and 10.0. Provide only the number corresponding to your answer without any additional text or explanations.,6.5,N/A:N. Return your answer as single number,False
cpst,Calculate the CVSS v3 score for the following CVSS v3 Vector String: AV:N/AC:H/PR:L/UI:N/S:U/C:H/I:N/A:N. Return your answer as a single number between 0.0 and 10.0. Provide only the number corresponding to your answer without any additional text or explanations.,5.3,N/A:N. Return your answer as single number,False
cpst,Calculate the CVSS v3 score for the following CVSS v3 Vector String: AV:L/AC:H/PR:L/UI:R/S:U/C:N/I:H/A:N. Return your answer as a single number between 0.0 and 10.0. Provide only the number corresponding to your answer without any additional text or explanations.,4.4,:H/PR:L/UI:R/S,False
cpst,Calculate the CVSS v3 score for the following CVSS v3 Vector String: AV:L/AC:L/PR:H/UI:R/S:C/C:H/I:H/A:L. Return your answer as a single number between 0.0 and 10.0. Provide only the number corresponding to your answer without any additional text or explanations.,7.7,:H/I:H/A:L. Return,False
cpst,Calculate the CVSS v3 score for the following CVSS v3 Vector String: AV:L/AC:L/PR:N/UI:N/S:U/C:H/I:H/A:H. Return your answer as a single number between 0.0 and 10.0. Provide only the number corresponding to your answer without any additional text or explanations.,8.4,:H/I:H/A:H. Return,False
cpst,Calculate the CVSS v3 score for the following CVSS v3 Vector String: AV:L/AC:L/PR:H/UI:R/S:U/C:H/I:H/A:H. Return your answer as a single number between 0.0 and 10.0. Provide only the number corresponding to your answer without any additional text or explanations.,6.5,:H/I:H/A:H. Return,False
cpst,Calculate the CVSS v3 score for the following CVSS v3 Vector String: AV:N/AC:L/PR:N/UI:N/S:U/C:L/I:N/A:H. Return your answer as a single number between 0.0 and 10.0. Provide only the number corresponding to your answer without any additional text or explanations.,8.2,H. Return your answer as single number between 0.0 and,False
cpst,Calculate the CVSS v3 score for the following CVSS v3 Vector String: AV:N/AC:L/PR:N/UI:R/S:C/C:L/I:L/A:L. Return your answer as a single number between 0.0 and 10.0. Provide only the number corresponding to your answer without any additional text or explanations.,7.1,L/I:L/A:L. Return your,False
cpst,Calculate the CVSS v3 score for the following CVSS v3 Vector String: AV:N/AC:L/PR:N/UI:N/S:U/C:N/I:H/A:H. Return your answer as a single number between 0.0 and 10.0. Provide only the number corresponding to your answer without any additional text or explanations.,9.1,/I:H/A:H. Return your answer,False
cpst,Calculate the CVSS v3 score for the following CVSS v3 Vector String: AV:N/AC:L/PR:N/UI:N/S:U/C:H/I:N/A:N. Return your answer as a single number between 0.0 and 10.0. Provide only the number corresponding to your answer without any additional text or explanations.,7.5,N/A:N. Return your answer as single number,False
cpst,Calculate the CVSS v3 score for the following CVSS v3 Vector String: AV:N/AC:H/PR:N/UI:N/S:U/C:N/I:N/A:H. Return your answer as a single number between 0.0 and 10.0. Provide only the number corresponding to your answer without any additional text or explanations.,5.9,H. Return your answer as single number between 0.0 and,False
cpst,Calculate the CVSS v3 score for the following CVSS v3 Vector String: AV:N/AC:H/PR:N/UI:N/S:U/C:H/I:H/A:H. Return your answer as a single number between 0.0 and 10.0. Provide only the number corresponding to your answer without any additional text or explanations.,8.1,:H. Return your answer as single number between 0.0,False
cpst,Calculate the CVSS v3 score for the following CVSS v3 Vector String: AV:N/AC:H/PR:L/UI:N/S:U/C:H/I:H/A:H. Return your answer as a single number between 0.0 and 10.0. Provide only the number corresponding to your answer without any additional text or explanations.,7.5,H/I:H/A:H. Return your,False
cpst,Calculate the CVSS v3 score for the following CVSS v3 Vector String: AV:N/AC:L/PR:H/UI:N/S:C/C:L/I:L/A:H. Return your answer as a single number between 0.0 and 10.0. Provide only the number corresponding to your answer without any additional text or explanations.,8.2,H. Return your answer as single number between 0.0 and,False
cpst,Calculate the CVSS v3 score for the following CVSS v3 Vector String: AV:N/AC:L/PR:H/UI:N/S:C/C:N/I:N/A:H. Return your answer as a single number between 0.0 and 10.0. Provide only the number corresponding to your answer without any additional text or explanations.,6.8,H. Return your answer as single number between 0.0 and,False
cpst,Calculate the CVSS v3 score for the following CVSS v3 Vector String: AV:L/AC:L/PR:N/UI:R/S:U/C:N/I:N/A:L. Return your answer as a single number between 0.0 and 10.0. Provide only the number corresponding to your answer without any additional text or explanations.,3.3,:L. Return your answer as single number between 0.0,False
cpst,Calculate the CVSS v3 score for the following CVSS v3 Vector String: AV:N/AC:L/PR:N/UI:N/S:C/C:N/I:N/A:H. Return your answer as a single number between 0.0 and 10.0. Provide only the number corresponding to your answer without any additional text or explanations.,8.6,H. Return your answer as single number between 0.0 and,False
cpst,Calculate the CVSS v3 score for the following CVSS v3 Vector String: AV:L/AC:L/PR:L/UI:N/S:U/C:N/I:H/A:N. Return your answer as a single number between 0.0 and 10.0. Provide only the number corresponding to your answer without any additional text or explanations.,5.5,:N. Return your answer as single number between 0.0,False
cpst,Calculate the CVSS v3 score for the following CVSS v3 Vector String: AV:N/AC:L/PR:N/UI:N/S:U/C:N/I:N/A:L. Return your answer as a single number between 0.0 and 10.0. Provide only the number corresponding to your answer without any additional text or explanations.,5.3,:L. Return your answer as single number between 0.0,False
cpst,Calculate the CVSS v3 score for the following CVSS v3 Vector String: AV:N/AC:L/PR:H/UI:R/S:C/C:L/I:L/A:N. Return your answer as a single number between 0.0 and 10.0. Provide only the number corresponding to your answer without any additional text or explanations.,4.8,N. Return your answer as single number between 0.0 and,False
cpst,Calculate the CVSS v3 score for the following CVSS v3 Vector String: AV:N/AC:L/PR:H/UI:N/S:U/C:N/I:N/A:L. Return your answer as a single number between 0.0 and 10.0. Provide only the number corresponding to your answer without any additional text or explanations.,2.7,L. Return your answer as single number between 0.0 and,False
cpst,Calculate the CVSS v3 score for the following CVSS v3 Vector String: AV:L/AC:H/PR:H/UI:N/S:U/C:H/I:N/A:N. Return your answer as a single number between 0.0 and 10.0. Provide only the number corresponding to your answer without any additional text or explanations.,4.1,N/A:N. Return your answer as single number,False
cpst,Calculate the CVSS v3 score for the following CVSS v3 Vector String: AV:N/AC:H/PR:H/UI:N/S:U/C:H/I:N/A:N. Return your answer as a single number between 0.0 and 10.0. Provide only the number corresponding to your answer without any additional text or explanations.,4.4,N/A:N. Return your answer as single number,False
cpst,Calculate the CVSS v3 score for the following CVSS v3 Vector String: AV:N/AC:L/PR:H/UI:N/S:U/C:H/I:N/A:N. Return your answer as a single number between 0.0 and 10.0. Provide only the number corresponding to your answer without any additional text or explanations.,4.9,N/A:N. Return your answer as single number,False
cpst,Calculate the CVSS v3 score for the following CVSS v3 Vector String: AV:N/AC:L/PR:H/UI:N/S:U/C:H/I:L/A:N. Return your answer as a single number between 0.0 and 10.0. Provide only the number corresponding to your answer without any additional text or explanations.,5.5,N. Return your answer as single number between 0.0 and,False
cpst,Calculate the CVSS v3 score for the following CVSS v3 Vector String: AV:L/AC:L/PR:N/UI:N/S:U/C:N/I:N/A:H. Return your answer as a single number between 0.0 and 10.0. Provide only the number corresponding to your answer without any additional text or explanations.,6.2,H. Return your answer as single number between 0.0 and,False
cpst,Calculate the CVSS v3 score for the following CVSS v3 Vector String: AV:N/AC:L/PR:L/UI:N/S:U/C:L/I:N/A:N. Return your answer as a single number between 0.0 and 10.0. Provide only the number corresponding to your answer without any additional text or explanations.,4.3,N/A:N. Return your answer as single number,False
cpst,Calculate the CVSS v3 score for the following CVSS v3 Vector String: AV:A/AC:L/PR:N/UI:N/S:C/C:H/I:H/A:H. Return your answer as a single number between 0.0 and 10.0. Provide only the number corresponding to your answer without any additional text or explanations.,9.6,H/I:H/A:H. Return your,False
cpst,Calculate the CVSS v3 score for the following CVSS v3 Vector String: AV:N/AC:L/PR:L/UI:N/S:C/C:L/I:L/A:N. Return your answer as a single number between 0.0 and 10.0. Provide only the number corresponding to your answer without any additional text or explanations.,6.4,N. Return your answer as single number between 0.0 and,False
cpst,Calculate the CVSS v3 score for the following CVSS v3 Vector String: AV:A/AC:L/PR:N/UI:N/S:U/C:N/I:L/A:N. Return your answer as a single number between 0.0 and 10.0. Provide only the number corresponding to your answer without any additional text or explanations.,4.3,N/I:L/A:N. Return your,False
cpst,Calculate the CVSS v3 score for the following CVSS v3 Vector String: AV:N/AC:L/PR:N/UI:N/S:U/C:H/I:H/A:N. Return your answer as a single number between 0.0 and 10.0. Provide only the number corresponding to your answer without any additional text or explanations.,9.1,:N. Return your answer as single number between 0.0,False
cpst,Calculate the CVSS v3 score for the following CVSS v3 Vector String: AV:N/AC:H/PR:N/UI:R/S:C/C:L/I:L/A:N. Return your answer as a single number between 0.0 and 10.0. Provide only the number corresponding to your answer without any additional text or explanations.,4.7,N. Return your answer as single number between 0.0 and,False
cpst,Calculate the CVSS v3 score for the following CVSS v3 Vector String: AV:N/AC:L/PR:H/UI:N/S:U/C:N/I:N/A:H. Return your answer as a single number between 0.0 and 10.0. Provide only the number corresponding to your answer without any additional text or explanations.,4.9,H. Return your answer as single number between 0.0 and,False
cpst,Calculate the CVSS v3 score for the following CVSS v3 Vector String: AV:N/AC:L/PR:L/UI:N/S:U/C:H/I:N/A:L. Return your answer as a single number between 0.0 and 10.0. Provide only the number corresponding to your answer without any additional text or explanations.,7.1,:L. Return your answer as single number between 0.0,False
cpst,Calculate the CVSS v3 score for the following CVSS v3 Vector String: AV:N/AC:L/PR:L/UI:N/S:U/C:N/I:N/A:L. Return your answer as a single number between 0.0 and 10.0. Provide only the number corresponding to your answer without any additional text or explanations.,4.3,:L. Return your answer as single number between 0.0,False
cpst,Calculate the CVSS v3 score for the following CVSS v3 Vector String: AV:N/AC:H/PR:N/UI:R/S:U/C:L/I:L/A:L. Return your answer as a single number between 0.0 and 10.0. Provide only the number corresponding to your answer without any additional text or explanations.,5.0,L/I:L/A:L. Return your,False
cpst,Calculate the CVSS v3 score for the following CVSS v3 Vector String: AV:L/AC:L/PR:L/UI:N/S:U/C:L/I:L/A:H. Return your answer as a single number between 0.0 and 10.0. Provide only the number corresponding to your answer without any additional text or explanations.,6.6,H. Return your answer as single number between 0.0 and,False
cpst,Calculate the CVSS v3 score for the following CVSS v3 Vector String: AV:N/AC:L/PR:L/UI:R/S:U/C:H/I:H/A:H. Return your answer as a single number between 0.0 and 10.0. Provide only the number corresponding to your answer without any additional text or explanations.,8.0,:H/I:H/A:H. Return,False
cpst,Calculate the CVSS v3 score for the following CVSS v3 Vector String: AV:N/AC:H/PR:N/UI:N/S:U/C:H/I:N/A:N. Return your answer as a single number between 0.0 and 10.0. Provide only the number corresponding to your answer without any additional text or explanations.,5.9,N/A:N. Return your answer as single number,False
cpst,Calculate the CVSS v3 score for the following CVSS v3 Vector String: AV:N/AC:L/PR:L/UI:N/S:U/C:L/I:L/A:N. Return your answer as a single number between 0.0 and 10.0. Provide only the number corresponding to your answer without any additional text or explanations.,5.4,N. Return your answer as single number between 0.0 and,False
cpst,Calculate the CVSS v3 score for the following CVSS v3 Vector String: AV:L/AC:L/PR:N/UI:N/S:C/C:H/I:H/A:H. Return your answer as a single number between 0.0 and 10.0. Provide only the number corresponding to your answer without any additional text or explanations.,9.3,H/I:H/A:H. Return your,False
cpst,Calculate the CVSS v3 score for the following CVSS v3 Vector String: AV:N/AC:L/PR:H/UI:R/S:C/C:N/I:H/A:L. Return your answer as a single number between 0.0 and 10.0. Provide only the number corresponding to your answer without any additional text or explanations.,6.9,I:H/A:L. Return your answer as,False
cpst,Calculate the CVSS v3 score for the following CVSS v3 Vector String: AV:N/AC:L/PR:N/UI:R/S:C/C:H/I:H/A:H. Return your answer as a single number between 0.0 and 10.0. Provide only the number corresponding to your answer without any additional text or explanations.,9.6,H/I:H/A:H. Return your,False
cpst,Calculate the CVSS v3 score for the following CVSS v3 Vector String: AV:L/AC:L/PR:H/UI:N/S:C/C:H/I:H/A:H. Return your answer as a single number between 0.0 and 10.0. Provide only the number corresponding to your answer without any additional text or explanations.,8.2,:H/I:H/A:H. Return,False
cpst,Calculate the CVSS v3 score for the following CVSS v3 Vector String: AV:N/AC:L/PR:N/UI:N/S:U/C:H/I:H/A:L. Return your answer as a single number between 0.0 and 10.0. Provide only the number corresponding to your answer without any additional text or explanations.,9.4,:H/I:H/A:L. Return,False
cpst,Calculate the CVSS v3 score for the following CVSS v3 Vector String: AV:L/AC:L/PR:H/UI:N/S:U/C:H/I:H/A:H. Return your answer as a single number between 0.0 and 10.0. Provide only the number corresponding to your answer without any additional text or explanations.,6.7,:H/I:H/A:H. Return,False
cpst,Calculate the CVSS v3 score for the following CVSS v3 Vector String: AV:N/AC:L/PR:L/UI:R/S:C/C:H/I:L/A:N. Return your answer as a single number between 0.0 and 10.0. Provide only the number corresponding to your answer without any additional text or explanations.,7.6,N. Return your answer as single number between 0.0 and,False
cpst,Calculate the CVSS v3 score for the following CVSS v3 Vector String: AV:P/AC:L/PR:N/UI:N/S:U/C:H/I:N/A:N. Return your answer as a single number between 0.0 and 10.0. Provide only the number corresponding to your answer without any additional text or explanations.,4.6,N/S:U/C:H/I:,False
cpst,Calculate the CVSS v3 score for the following CVSS v3 Vector String: AV:N/AC:L/PR:N/UI:R/S:C/C:L/I:L/A:N. Return your answer as a single number between 0.0 and 10.0. Provide only the number corresponding to your answer without any additional text or explanations.,6.1,N. Return your answer as single number between 0.0 and,False
cpst,Calculate the CVSS v3 score for the following CVSS v3 Vector String: AV:N/AC:L/PR:N/UI:N/S:U/C:L/I:L/A:H. Return your answer as a single number between 0.0 and 10.0. Provide only the number corresponding to your answer without any additional text or explanations.,8.6,H. Return your answer as single number between 0.0 and,False
cpst,Calculate the CVSS v3 score for the following CVSS v3 Vector String: AV:N/AC:L/PR:N/UI:N/S:U/C:L/I:H/A:H. Return your answer as a single number between 0.0 and 10.0. Provide only the number corresponding to your answer without any additional text or explanations.,9.4,:H. Return your answer as single number between 0.0,False
cpst,Calculate the CVSS v3 score for the following CVSS v3 Vector String: AV:A/AC:L/PR:N/UI:R/S:U/C:H/I:N/A:N. Return your answer as a single number between 0.0 and 10.0. Provide only the number corresponding to your answer without any additional text or explanations.,5.7,N/A:N. Return your answer as single number,False
cpst,Calculate the CVSS v3 score for the following CVSS v3 Vector String: AV:N/AC:H/PR:N/UI:N/S:C/C:H/I:H/A:H. Return your answer as a single number between 0.0 and 10.0. Provide only the number corresponding to your answer without any additional text or explanations.,9.0,H/I:H/A:H. Return your,False
cpst,Calculate the CVSS v3 score for the following CVSS v3 Vector String: AV:N/AC:L/PR:N/UI:N/S:U/C:L/I:L/A:L. Return your answer as a single number between 0.0 and 10.0. Provide only the number corresponding to your answer without any additional text or explanations.,7.3,L/I:L/A:L. Return your,False
cpst,Calculate the CVSS v3 score for the following CVSS v3 Vector String: AV:A/AC:L/PR:N/UI:N/S:U/C:N/I:N/A:H. Return your answer as a single number between 0.0 and 10.0. Provide only the number corresponding to your answer without any additional text or explanations.,6.5,H. Return your answer as single number between 0.0 and,False
cpst,Calculate the CVSS v3 score for the following CVSS v3 Vector String: AV:N/AC:L/PR:H/UI:N/S:U/C:N/I:H/A:N. Return your answer as a single number between 0.0 and 10.0. Provide only the number corresponding to your answer without any additional text or explanations.,4.9,/I:H/A:N. Return your answer,False
cpst,Calculate the CVSS v3 score for the following CVSS v3 Vector String: AV:N/AC:H/PR:N/UI:N/S:U/C:H/I:H/A:N. Return your answer as a single number between 0.0 and 10.0. Provide only the number corresponding to your answer without any additional text or explanations.,7.4,:N. Return your answer as single number between 0.0,False
cpst,Calculate the CVSS v3 score for the following CVSS v3 Vector String: AV:P/AC:L/PR:N/UI:N/S:C/C:H/I:N/A:N. Return your answer as a single number between 0.0 and 10.0. Provide only the number corresponding to your answer without any additional text or explanations.,5.3,N/A:N. Return your answer as single number,False
cpst,Calculate the CVSS v3 score for the following CVSS v3 Vector String: AV:L/AC:H/PR:N/UI:N/S:C/C:H/I:N/A:N. Return your answer as a single number between 0.0 and 10.0. Provide only the number corresponding to your answer without any additional text or explanations.,5.9,N/A:N. Return your answer as single number,False
cpst,Calculate the CVSS v3 score for the following CVSS v3 Vector String: AV:L/AC:L/PR:H/UI:N/S:U/C:H/I:N/A:N. Return your answer as a single number between 0.0 and 10.0. Provide only the number corresponding to your answer without any additional text or explanations.,4.4,N/A:N. Return your answer as single number,False
cpst,Calculate the CVSS v3 score for the following CVSS v3 Vector String: AV:N/AC:H/PR:N/UI:N/S:U/C:N/I:H/A:N. Return your answer as a single number between 0.0 and 10.0. Provide only the number corresponding to your answer without any additional text or explanations.,5.9,:H/PR:N/UI:N/S,False
cpst,Calculate the CVSS v3 score for the following CVSS v3 Vector String: AV:N/AC:L/PR:N/UI:N/S:U/C:N/I:H/A:N. Return your answer as a single number between 0.0 and 10.0. Provide only the number corresponding to your answer without any additional text or explanations.,7.5,:N. Return your answer as single number between 0.0,False
cpst,Calculate the CVSS v3 score for the following CVSS v3 Vector String: AV:A/AC:H/PR:N/UI:N/S:C/C:N/I:L/A:H. Return your answer as a single number between 0.0 and 10.0. Provide only the number corresponding to your answer without any additional text or explanations.,6.9,H. Return your answer as single number between 0.0 and,False
cpst,Calculate the CVSS v3 score for the following CVSS v3 Vector String: AV:A/AC:H/PR:N/UI:N/S:C/C:H/I:H/A:H. Return your answer as a single number between 0.0 and 10.0. Provide only the number corresponding to your answer without any additional text or explanations.,8.3,H/I:H/A:H. Return your,False
cpst,Calculate the CVSS v3 score for the following CVSS v3 Vector String: AV:N/AC:L/PR:L/UI:N/S:C/C:H/I:N/A:N. Return your answer as a single number between 0.0 and 10.0. Provide only the number corresponding to your answer without any additional text or explanations.,7.7,N/A:N. Return your answer as single number,False
cpst,Calculate the CVSS v3 score for the following CVSS v3 Vector String: AV:A/AC:L/PR:N/UI:N/S:U/C:H/I:H/A:H. Return your answer as a single number between 0.0 and 10.0. Provide only the number corresponding to your answer without any additional text or explanations.,8.8,H/I:H/A:H. Return your,False
cpst,Calculate the CVSS v3 score for the following CVSS v3 Vector String: AV:N/AC:L/PR:N/UI:N/S:U/C:N/I:L/A:N. Return your answer as a single number between 0.0 and 10.0. Provide only the number corresponding to your answer without any additional text or explanations.,5.3,N. Return your answer as single number between 0.0 and,False
cpst,Calculate the CVSS v3 score for the following CVSS v3 Vector String: AV:L/AC:L/PR:N/UI:R/S:U/C:H/I:N/A:N. Return your answer as a single number between 0.0 and 10.0. Provide only the number corresponding to your answer without any additional text or explanations.,5.5,N/A:N. Return your answer as single number,False
cpst,Calculate the CVSS v3 score for the following CVSS v3 Vector String: AV:N/AC:H/PR:H/UI:N/S:U/C:H/I:H/A:H. Return your answer as a single number between 0.0 and 10.0. Provide only the number corresponding to your answer without any additional text or explanations.,6.6,:H/I:H/A:H. Return,False
cpst,Calculate the CVSS v3 score for the following CVSS v3 Vector String: AV:A/AC:L/PR:L/UI:N/S:U/C:H/I:H/A:H. Return your answer as a single number between 0.0 and 10.0. Provide only the number corresponding to your answer without any additional text or explanations.,8.0,H/I:H/A:H. Return your,False
cpst,Calculate the CVSS v3 score for the following CVSS v3 Vector String: AV:N/AC:L/PR:N/UI:N/S:U/C:H/I:L/A:H. Return your answer as a single number between 0.0 and 10.0. Provide only the number corresponding to your answer without any additional text or explanations.,9.4,H. Return your answer as single number between 0.0 and,False
cpst,Calculate the CVSS v3 score for the following CVSS v3 Vector String: AV:A/AC:L/PR:N/UI:R/S:U/C:H/I:L/A:N. Return your answer as a single number between 0.0 and 10.0. Provide only the number corresponding to your answer without any additional text or explanations.,6.3,N. Return your answer as single number between 0.0 and,False
cpst,Calculate the CVSS v3 score for the following CVSS v3 Vector String: AV:P/AC:L/PR:N/UI:N/S:U/C:L/I:L/A:L. Return your answer as a single number between 0.0 and 10.0. Provide only the number corresponding to your answer without any additional text or explanations.,4.3,:L/I:L/A:L. Return,False
cpst,Calculate the CVSS v3 score for the following CVSS v3 Vector String: AV:P/AC:L/PR:L/UI:N/S:U/C:L/I:L/A:L. Return your answer as a single number between 0.0 and 10.0. Provide only the number corresponding to your answer without any additional text or explanations.,4.1,L/I:L/A:L. Return your,False
cpst,Calculate the CVSS v3 score for the following CVSS v3 Vector String: AV:N/AC:L/PR:L/UI:N/S:C/C:N/I:H/A:H. Return your answer as a single number between 0.0 and 10.0. Provide only the number corresponding to your answer without any additional text or explanations.,9.6,H/A:H. Return your answer as single number,False
cpst,Calculate the CVSS v3 score for the following CVSS v3 Vector String: AV:N/AC:L/PR:N/UI:R/S:C/C:N/I:L/A:H. Return your answer as a single number between 0.0 and 10.0. Provide only the number corresponding to your answer without any additional text or explanations.,8.2,H. Return your answer as single number between 0.0 and,False
cpst,Calculate the CVSS v3 score for the following CVSS v3 Vector String: AV:N/AC:H/PR:N/UI:N/S:C/C:N/I:N/A:H. Return your answer as a single number between 0.0 and 10.0. Provide only the number corresponding to your answer without any additional text or explanations.,6.8,H. Return your answer as single number between 0.0 and,False
cpst,Calculate the CVSS v3 score for the following CVSS v3 Vector String: AV:N/AC:L/PR:H/UI:N/S:U/C:L/I:N/A:N. Return your answer as a single number between 0.0 and 10.0. Provide only the number corresponding to your answer without any additional text or explanations.,2.7,N/A:N. Return your answer as single number,False
cpst,Calculate the CVSS v3 score for the following CVSS v3 Vector String: AV:N/AC:L/PR:L/UI:N/S:U/C:N/I:L/A:N. Return your answer as a single number between 0.0 and 10.0. Provide only the number corresponding to your answer without any additional text or explanations.,4.3,N/AC:L/PR:L/UI:,False
cpst,Calculate the CVSS v3 score for the following CVSS v3 Vector String: AV:N/AC:H/PR:L/UI:R/S:C/C:L/I:L/A:L. Return your answer as a single number between 0.0 and 10.0. Provide only the number corresponding to your answer without any additional text or explanations.,5.5,L/I:L/A:L. Return your,False
cpst,Calculate the CVSS v3 score for the following CVSS v3 Vector String: AV:L/AC:L/PR:H/UI:R/S:U/C:H/I:N/A:N. Return your answer as a single number between 0.0 and 10.0. Provide only the number corresponding to your answer without any additional text or explanations.,4.2,. Provide only the number corresponding to your answer without any,False
cpst,Calculate the CVSS v3 score for the following CVSS v3 Vector String: AV:N/AC:H/PR:N/UI:R/S:U/C:H/I:H/A:L. Return your answer as a single number between 0.0 and 10.0. Provide only the number corresponding to your answer without any additional text or explanations.,7.1,:H/I:H/A:L. Return,False
cpst,Calculate the CVSS v3 score for the following CVSS v3 Vector String: AV:L/AC:H/PR:L/UI:N/S:U/C:N/I:L/A:H. Return your answer as a single number between 0.0 and 10.0. Provide only the number corresponding to your answer without any additional text or explanations.,5.3,H. Return your answer as single number between 0.0 and,False
cpst,Calculate the CVSS v3 score for the following CVSS v3 Vector String: AV:N/AC:L/PR:L/UI:N/S:U/C:H/I:H/A:N. Return your answer as a single number between 0.0 and 10.0. Provide only the number corresponding to your answer without any additional text or explanations.,8.1,:N. Return your answer as single number between 0.0,False
cpst,Calculate the CVSS v3 score for the following CVSS v3 Vector String: AV:N/AC:L/PR:N/UI:R/S:U/C:N/I:L/A:N. Return your answer as a single number between 0.0 and 10.0. Provide only the number corresponding to your answer without any additional text or explanations.,4.3,N. Return your answer as single number between 0.0 and,False
cpst,Calculate the CVSS v3 score for the following CVSS v3 Vector String: AV:L/AC:H/PR:L/UI:N/S:U/C:L/I:N/A:N. Return your answer as a single number between 0.0 and 10.0. Provide only the number corresponding to your answer without any additional text or explanations.,2.5,N/A:N. Return your answer as single number,False
cpst,Calculate the CVSS v3 score for the following CVSS v3 Vector String: AV:A/AC:L/PR:N/UI:N/S:U/C:L/I:L/A:N. Return your answer as a single number between 0.0 and 10.0. Provide only the number corresponding to your answer without any additional text or explanations.,5.4,N. Return your answer as single number between 0.0 and,False
cpst,Calculate the CVSS v3 score for the following CVSS v3 Vector String: AV:N/AC:L/PR:N/UI:N/S:U/C:H/I:N/A:H. Return your answer as a single number between 0.0 and 10.0. Provide only the number corresponding to your answer without any additional text or explanations.,9.1,:H. Return your answer as single number between 0.0,False
cpst,Calculate the CVSS v3 score for the following CVSS v3 Vector String: AV:L/AC:H/PR:L/UI:N/S:U/C:N/I:N/A:L. Return your answer as a single number between 0.0 and 10.0. Provide only the number corresponding to your answer without any additional text or explanations.,2.5,:L. Return your answer as single number between 0.0,False
